date,region,store,sales
2024-01-01,North,Store_1,24.35
2024-01-02,North,Store_1,31.46
2024-01-03,North,Store_1,32.3
2024-01-04,North,Store_1,32.27
2024-01-05,North,Store_1,21.08
2024-01-06,North,Store_1,20.75
2024-01-07,North,Store_1,16.06
2024-01-08,North,Store_1,24.52
2024-01-09,North,Store_1,31.09
2024-01-10,North,Store_1,28.09
2024-01-11,North,Store_1,28.41
2024-01-12,North,Store_1,23.35
2024-01-13,North,Store_1,21.19
2024-01-14,North,Store_1,20.81
2024-01-15,North,Store_1,24.4
2024-01-16,North,Store_1,29.56
2024-01-17,North,Store_1,31.54
2024-01-18,North,Store_1,25.87
2024-01-19,North,Store_1,24.26
2024-01-20,North,Store_1,21.02
2024-01-21,North,Store_1,25.49
2024-01-22,North,Store_1,25.69
2024-01-23,North,Store_1,28.33
2024-01-24,North,Store_1,36.61
2024-01-25,North,Store_1,22.09
2024-01-26,North,Store_1,27.19
2024-01-27,North,Store_1,23.46
2024-01-28,North,Store_1,18.79
2024-01-29,North,Store_1,29.39
2024-01-30,North,Store_1,31.03
2024-01-31,North,Store_1,29.72
2024-02-01,North,Store_1,24.69
2024-02-02,North,Store_1,25.53
2024-02-03,North,Store_1,19.01
2024-02-04,North,Store_1,17.96
2024-02-05,North,Store_1,24.94
2024-02-06,North,Store_1,28.52
2024-02-07,North,Store_1,31.07
2024-02-08,North,Store_1,27.64
2024-02-09,North,Store_1,27.43
2024-02-10,North,Store_1,23.22
2024-02-11,North,Store_1,21.58
2024-02-12,North,Store_1,23.28
2024-02-13,North,Store_1,33.48
2024-02-14,North,Store_1,33.23
2024-02-15,North,Store_1,36.14
2024-02-16,North,Store_1,24.62
2024-02-17,North,Store_1,26.05
2024-02-18,North,Store_1,23.47
2024-02-19,North,Store_1,26.26
2024-02-20,North,Store_1,25.38
2024-02-21,North,Store_1,33.04
2024-02-22,North,Store_1,25.64
2024-02-23,North,Store_1,22.29
2024-02-24,North,Store_1,20.99
2024-02-25,North,Store_1,21.26
2024-02-26,North,Store_1,21.31
2024-02-27,North,Store_1,27.52
2024-02-28,North,Store_1,33.67
2024-02-29,North,Store_1,30.2
2024-03-01,North,Store_1,25.93
2024-03-02,North,Store_1,21.65
2024-03-03,North,Store_1,24.08
2024-03-04,North,Store_1,26.72
2024-03-05,North,Store_1,29.4
2024-03-06,North,Store_1,34.37
2024-03-07,North,Store_1,27.43
2024-03-08,North,Store_1,21.52
2024-03-09,North,Store_1,24.76
2024-03-10,North,Store_1,25.79
2024-03-11,North,Store_1,21.28
2024-03-12,North,Store_1,31.82
2024-03-13,North,Store_1,24.74
2024-03-14,North,Store_1,31.38
2024-03-15,North,Store_1,21.03
2024-03-16,North,Store_1,23.48
2024-03-17,North,Store_1,20.25
2024-03-18,North,Store_1,27.0
2024-03-19,North,Store_1,25.77
2024-03-20,North,Store_1,30.03
2024-03-21,North,Store_1,27.99
2024-03-22,North,Store_1,26.71
2024-03-23,North,Store_1,26.51
2024-03-24,North,Store_1,23.83
2024-03-25,North,Store_1,26.89
2024-03-26,North,Store_1,26.82
2024-03-27,North,Store_1,26.62
2024-03-28,North,Store_1,28.74
2024-03-29,North,Store_1,24.24
2024-03-30,North,Store_1,22.95
2024-03-31,North,Store_1,24.21
2024-04-01,North,Store_1,27.08
2024-04-02,North,Store_1,25.51
2024-04-03,North,Store_1,33.55
2024-04-04,North,Store_1,27.85
2024-04-05,North,Store_1,20.96
2024-04-06,North,Store_1,19.88
2024-04-07,North,Store_1,17.89
2024-04-08,North,Store_1,24.97
2024-04-09,North,Store_1,32.16
2024-04-10,North,Store_1,29.89
2024-04-11,North,Store_1,25.58
2024-04-12,North,Store_1,23.06
2024-04-13,North,Store_1,22.51
2024-04-14,North,Store_1,18.04
2024-04-15,North,Store_1,22.94
2024-04-16,North,Store_1,30.29
2024-04-17,North,Store_1,27.13
2024-04-18,North,Store_1,34.0
2024-04-19,North,Store_1,23.37
2024-04-20,North,Store_1,18.4
2024-04-21,North,Store_1,19.64
2024-04-22,North,Store_1,24.55
2024-04-23,North,Store_1,28.2
2024-04-24,North,Store_1,24.6
2024-04-25,North,Store_1,31.96
2024-04-26,North,Store_1,23.78
2024-04-27,North,Store_1,21.04
2024-04-28,North,Store_1,24.54
2024-04-29,North,Store_1,22.84
2024-04-30,North,Store_1,27.63
2024-05-01,North,Store_1,32.25
2024-05-02,North,Store_1,27.98
2024-05-03,North,Store_1,24.87
2024-05-04,North,Store_1,20.89
2024-05-05,North,Store_1,21.37
2024-05-06,North,Store_1,30.3
2024-05-07,North,Store_1,33.11
2024-05-08,North,Store_1,23.38
2024-05-09,North,Store_1,32.61
2024-05-10,North,Store_1,30.31
2024-05-11,North,Store_1,24.82
2024-05-12,North,Store_1,21.45
2024-05-13,North,Store_1,23.93
2024-05-14,North,Store_1,32.09
2024-05-15,North,Store_1,29.02
2024-05-16,North,Store_1,29.24
2024-05-17,North,Store_1,23.76
2024-05-18,North,Store_1,24.78
2024-05-19,North,Store_1,20.92
2024-05-20,North,Store_1,24.67
2024-05-21,North,Store_1,31.04
2024-05-22,North,Store_1,36.68
2024-05-23,North,Store_1,28.41
2024-05-24,North,Store_1,22.58
2024-05-25,North,Store_1,23.7
2024-05-26,North,Store_1,24.25
2024-05-27,North,Store_1,23.15
2024-05-28,North,Store_1,28.3
2024-05-29,North,Store_1,34.16
2024-05-30,North,Store_1,29.45
2024-05-31,North,Store_1,16.42
2024-06-01,North,Store_1,22.57
2024-06-02,North,Store_1,24.87
2024-06-03,North,Store_1,23.49
2024-06-04,North,Store_1,31.94
2024-06-05,North,Store_1,36.49
2024-06-06,North,Store_1,29.36
2024-06-07,North,Store_1,21.95
2024-06-08,North,Store_1,19.56
2024-06-09,North,Store_1,22.13
2024-06-10,North,Store_1,27.13
2024-06-11,North,Store_1,30.1
2024-06-12,North,Store_1,32.38
2024-06-13,North,Store_1,27.73
2024-06-14,North,Store_1,24.37
2024-06-15,North,Store_1,24.02
2024-06-16,North,Store_1,18.9
2024-06-17,North,Store_1,26.33
2024-06-18,North,Store_1,30.23
2024-06-19,North,Store_1,33.64
2024-06-20,North,Store_1,27.49
2024-06-21,North,Store_1,25.79
2024-06-22,North,Store_1,24.43
2024-06-23,North,Store_1,16.54
2024-06-24,North,Store_1,29.51
2024-06-25,North,Store_1,26.95
2024-06-26,North,Store_1,27.59
2024-06-27,North,Store_1,19.53
2024-06-28,North,Store_1,21.42
2024-01-01,North,Store_2,50.2
2024-01-02,North,Store_2,49.05
2024-01-03,North,Store_2,50.62
2024-01-04,North,Store_2,46.78
2024-01-05,North,Store_2,48.14
2024-01-06,North,Store_2,46.93
2024-01-07,North,Store_2,45.36
2024-01-08,North,Store_2,50.82
2024-01-09,North,Store_2,49.31
2024-01-10,North,Store_2,53.31
2024-01-11,North,Store_2,46.06
2024-01-12,North,Store_2,43.52
2024-01-13,North,Store_2,45.76
2024-01-14,North,Store_2,43.37
2024-01-15,North,Store_2,51.63
2024-01-16,North,Store_2,53.52
2024-01-17,North,Store_2,61.08
2024-01-18,North,Store_2,50.45
2024-01-19,North,Store_2,41.61
2024-01-20,North,Store_2,43.02
2024-01-21,North,Store_2,41.2
2024-01-22,North,Store_2,50.93
2024-01-23,North,Store_2,52.04
2024-01-24,North,Store_2,52.46
2024-01-25,North,Store_2,49.8
2024-01-26,North,Store_2,48.05
2024-01-27,North,Store_2,41.77
2024-01-28,North,Store_2,46.42
2024-01-29,North,Store_2,51.14
2024-01-30,North,Store_2,50.88
2024-01-31,North,Store_2,50.1
2024-02-01,North,Store_2,48.63
2024-02-02,North,Store_2,47.96
2024-02-03,North,Store_2,43.4
2024-02-04,North,Store_2,45.98
2024-02-05,North,Store_2,53.29
2024-02-06,North,Store_2,52.6
2024-02-07,North,Store_2,50.45
2024-02-08,North,Store_2,53.34
2024-02-09,North,Store_2,45.98
2024-02-10,North,Store_2,45.74
2024-02-11,North,Store_2,47.29
2024-02-12,North,Store_2,45.12
2024-02-13,North,Store_2,56.06
2024-02-14,North,Store_2,55.59
2024-02-15,North,Store_2,48.36
2024-02-16,North,Store_2,46.74
2024-02-17,North,Store_2,43.9
2024-02-18,North,Store_2,44.16
2024-02-19,North,Store_2,50.62
2024-02-20,North,Store_2,56.22
2024-02-21,North,Store_2,52.9
2024-02-22,North,Store_2,54.16
2024-02-23,North,Store_2,48.8
2024-02-24,North,Store_2,43.82
2024-02-25,North,Store_2,44.62
2024-02-26,North,Store_2,44.54
2024-02-27,North,Store_2,47.41
2024-02-28,North,Store_2,53.37
2024-02-29,North,Store_2,47.6
2024-03-01,North,Store_2,45.71
2024-03-02,North,Store_2,41.52
2024-03-03,North,Store_2,38.73
2024-03-04,North,Store_2,49.07
2024-03-05,North,Store_2,50.67
2024-03-06,North,Store_2,53.12
2024-03-07,North,Store_2,47.49
2024-03-08,North,Store_2,44.83
2024-03-09,North,Store_2,47.81
2024-03-10,North,Store_2,44.48
2024-03-11,North,Store_2,49.65
2024-03-12,North,Store_2,48.1
2024-03-13,North,Store_2,60.04
2024-03-14,North,Store_2,55.7
2024-03-15,North,Store_2,49.92
2024-03-16,North,Store_2,45.61
2024-03-17,North,Store_2,44.14
2024-03-18,North,Store_2,49.33
2024-03-19,North,Store_2,55.05
2024-03-20,North,Store_2,50.99
2024-03-21,North,Store_2,48.84
2024-03-22,North,Store_2,40.82
2024-03-23,North,Store_2,40.81
2024-03-24,North,Store_2,49.07
2024-03-25,North,Store_2,47.0
2024-03-26,North,Store_2,50.96
2024-03-27,North,Store_2,53.83
2024-03-28,North,Store_2,45.33
2024-03-29,North,Store_2,48.67
2024-03-30,North,Store_2,46.92
2024-03-31,North,Store_2,45.22
2024-04-01,North,Store_2,52.95
2024-04-02,North,Store_2,47.93
2024-04-03,North,Store_2,58.41
2024-04-04,North,Store_2,47.98
2024-04-05,North,Store_2,41.99
2024-04-06,North,Store_2,42.41
2024-04-07,North,Store_2,49.71
2024-04-08,North,Store_2,47.94
2024-04-09,North,Store_2,49.11
2024-04-10,North,Store_2,48.99
2024-04-11,North,Store_2,49.85
2024-04-12,North,Store_2,39.85
2024-04-13,North,Store_2,39.22
2024-04-14,North,Store_2,48.72
2024-04-15,North,Store_2,51.97
2024-04-16,North,Store_2,51.52
2024-04-17,North,Store_2,51.48
2024-04-18,North,Store_2,50.34
2024-04-19,North,Store_2,52.87
2024-04-20,North,Store_2,44.34
2024-04-21,North,Store_2,46.82
2024-04-22,North,Store_2,47.39
2024-04-23,North,Store_2,52.09
2024-04-24,North,Store_2,54.82
2024-04-25,North,Store_2,50.55
2024-04-26,North,Store_2,40.14
2024-04-27,North,Store_2,46.97
2024-04-28,North,Store_2,42.25
2024-04-29,North,Store_2,54.33
2024-04-30,North,Store_2,53.97
2024-05-01,North,Store_2,53.09
2024-05-02,North,Store_2,51.49
2024-05-03,North,Store_2,45.51
2024-05-04,North,Store_2,41.67
2024-05-05,North,Store_2,44.71
2024-05-06,North,Store_2,50.65
2024-05-07,North,Store_2,50.52
2024-05-08,North,Store_2,51.01
2024-05-09,North,Store_2,49.1
2024-05-10,North,Store_2,48.69
2024-05-11,North,Store_2,47.48
2024-05-12,North,Store_2,45.18
2024-05-13,North,Store_2,49.74
2024-05-14,North,Store_2,50.02
2024-05-15,North,Store_2,55.5
2024-05-16,North,Store_2,51.82
2024-05-17,North,Store_2,43.7
2024-05-18,North,Store_2,37.76
2024-05-19,North,Store_2,40.43
2024-05-20,North,Store_2,45.99
2024-05-21,North,Store_2,55.39
2024-05-22,North,Store_2,57.53
2024-05-23,North,Store_2,48.85
2024-05-24,North,Store_2,44.61
2024-05-25,North,Store_2,43.91
2024-05-26,North,Store_2,44.13
2024-05-27,North,Store_2,50.79
2024-05-28,North,Store_2,50.34
2024-05-29,North,Store_2,55.72
2024-05-30,North,Store_2,49.45
2024-05-31,North,Store_2,48.39
2024-06-01,North,Store_2,42.31
2024-06-02,North,Store_2,42.25
2024-06-03,North,Store_2,53.74
2024-06-04,North,Store_2,55.1
2024-06-05,North,Store_2,47.5
2024-06-06,North,Store_2,48.83
2024-06-07,North,Store_2,49.45
2024-06-08,North,Store_2,39.54
2024-06-09,North,Store_2,46.4
2024-06-10,North,Store_2,50.0
2024-06-11,North,Store_2,49.81
2024-06-12,North,Store_2,52.85
2024-06-13,North,Store_2,43.9
2024-06-14,North,Store_2,51.14
2024-06-15,North,Store_2,42.2
2024-06-16,North,Store_2,46.5
2024-06-17,North,Store_2,49.84
2024-06-18,North,Store_2,55.98
2024-06-19,North,Store_2,51.57
2024-06-20,North,Store_2,50.78
2024-06-21,North,Store_2,47.51
2024-06-22,North,Store_2,45.74
2024-06-23,North,Store_2,47.55
2024-06-24,North,Store_2,46.57
2024-06-25,North,Store_2,49.92
2024-06-26,North,Store_2,56.95
2024-06-27,North,Store_2,44.06
2024-06-28,North,Store_2,50.54
2024-01-01,North,Store_3,42.83
2024-01-02,North,Store_3,43.28
2024-01-03,North,Store_3,48.15
2024-01-04,North,Store_3,42.69
2024-01-05,North,Store_3,47.6
2024-01-06,North,Store_3,41.54
2024-01-07,North,Store_3,43.03
2024-01-08,North,Store_3,46.61
2024-01-09,North,Store_3,51.43
2024-01-10,North,Store_3,53.27
2024-01-11,North,Store_3,45.55
2024-01-12,North,Store_3,38.57
2024-01-13,North,Store_3,37.58
2024-01-14,North,Store_3,40.96
2024-01-15,North,Store_3,37.31
2024-01-16,North,Store_3,52.34
2024-01-17,North,Store_3,44.18
2024-01-18,North,Store_3,48.97
2024-01-19,North,Store_3,42.33
2024-01-20,North,Store_3,40.98
2024-01-21,North,Store_3,39.68
2024-01-22,North,Store_3,45.65
2024-01-23,North,Store_3,47.49
2024-01-24,North,Store_3,48.21
2024-01-25,North,Store_3,44.48
2024-01-26,North,Store_3,47.41
2024-01-27,North,Store_3,41.23
2024-01-28,North,Store_3,41.72
2024-01-29,North,Store_3,42.37
2024-01-30,North,Store_3,48.2
2024-01-31,North,Store_3,46.91
2024-02-01,North,Store_3,45.7
2024-02-02,North,Store_3,39.2
2024-02-03,North,Store_3,44.89
2024-02-04,North,Store_3,38.82
2024-02-05,North,Store_3,42.37
2024-02-06,North,Store_3,44.93
2024-02-07,North,Store_3,47.56
2024-02-08,North,Store_3,45.68
2024-02-09,North,Store_3,42.68
2024-02-10,North,Store_3,38.19
2024-02-11,North,Store_3,36.29
2024-02-12,North,Store_3,40.46
2024-02-13,North,Store_3,50.95
2024-02-14,North,Store_3,49.51
2024-02-15,North,Store_3,49.12
2024-02-16,North,Store_3,45.17
2024-02-17,North,Store_3,40.58
2024-02-18,North,Store_3,37.4
2024-02-19,North,Store_3,45.57
2024-02-20,North,Store_3,53.11
2024-02-21,North,Store_3,48.53
2024-02-22,North,Store_3,48.19
2024-02-23,North,Store_3,42.79
2024-02-24,North,Store_3,44.24
2024-02-25,North,Store_3,39.06
2024-02-26,North,Store_3,48.46
2024-02-27,North,Store_3,47.78
2024-02-28,North,Store_3,47.79
2024-02-29,North,Store_3,47.5
2024-03-01,North,Store_3,43.86
2024-03-02,North,Store_3,45.86
2024-03-03,North,Store_3,42.05
2024-03-04,North,Store_3,45.58
2024-03-05,North,Store_3,53.7
2024-03-06,North,Store_3,51.68
2024-03-07,North,Store_3,45.24
2024-03-08,North,Store_3,46.9
2024-03-09,North,Store_3,37.91
2024-03-10,North,Store_3,39.14
2024-03-11,North,Store_3,42.45
2024-03-12,North,Store_3,46.1
2024-03-13,North,Store_3,50.87
2024-03-14,North,Store_3,46.4
2024-03-15,North,Store_3,32.4
2024-03-16,North,Store_3,39.32
2024-03-17,North,Store_3,39.54
2024-03-18,North,Store_3,47.68
2024-03-19,North,Store_3,47.22
2024-03-20,North,Store_3,57.49
2024-03-21,North,Store_3,51.36
2024-03-22,North,Store_3,41.66
2024-03-23,North,Store_3,43.57
2024-03-24,North,Store_3,42.67
2024-03-25,North,Store_3,45.7
2024-03-26,North,Store_3,51.32
2024-03-27,North,Store_3,50.04
2024-03-28,North,Store_3,47.89
2024-03-29,North,Store_3,45.3
2024-03-30,North,Store_3,46.28
2024-03-31,North,Store_3,41.84
2024-04-01,North,Store_3,43.64
2024-04-02,North,Store_3,42.82
2024-04-03,North,Store_3,55.76
2024-04-04,North,Store_3,46.38
2024-04-05,North,Store_3,44.44
2024-04-06,North,Store_3,45.84
2024-04-07,North,Store_3,41.77
2024-04-08,North,Store_3,44.42
2024-04-09,North,Store_3,53.17
2024-04-10,North,Store_3,51.26
2024-04-11,North,Store_3,48.93
2024-04-12,North,Store_3,38.26
2024-04-13,North,Store_3,43.74
2024-04-14,North,Store_3,42.22
2024-04-15,North,Store_3,40.89
2024-04-16,North,Store_3,50.36
2024-04-17,North,Store_3,43.69
2024-04-18,North,Store_3,54.2
2024-04-19,North,Store_3,39.53
2024-04-20,North,Store_3,44.96
2024-04-21,North,Store_3,38.65
2024-04-22,North,Store_3,46.68
2024-04-23,North,Store_3,46.17
2024-04-24,North,Store_3,52.87
2024-04-25,North,Store_3,46.46
2024-04-26,North,Store_3,44.23
2024-04-27,North,Store_3,40.17
2024-04-28,North,Store_3,36.99
2024-04-29,North,Store_3,46.51
2024-04-30,North,Store_3,47.4
2024-05-01,North,Store_3,53.01
2024-05-02,North,Store_3,46.46
2024-05-03,North,Store_3,42.6
2024-05-04,North,Store_3,45.17
2024-05-05,North,Store_3,48.24
2024-05-06,North,Store_3,47.36
2024-05-07,North,Store_3,48.05
2024-05-08,North,Store_3,48.75
2024-05-09,North,Store_3,44.71
2024-05-10,North,Store_3,40.95
2024-05-11,North,Store_3,39.3
2024-05-12,North,Store_3,46.98
2024-05-13,North,Store_3,44.41
2024-05-14,North,Store_3,45.23
2024-05-15,North,Store_3,50.0
2024-05-16,North,Store_3,47.7
2024-05-17,North,Store_3,42.94
2024-05-18,North,Store_3,42.52
2024-05-19,North,Store_3,41.3
2024-05-20,North,Store_3,47.31
2024-05-21,North,Store_3,46.57
2024-05-22,North,Store_3,55.22
2024-05-23,North,Store_3,47.93
2024-05-24,North,Store_3,44.03
2024-05-25,North,Store_3,37.77
2024-05-26,North,Store_3,42.51
2024-05-27,North,Store_3,46.95
2024-05-28,North,Store_3,45.4
2024-05-29,North,Store_3,44.9
2024-05-30,North,Store_3,48.05
2024-05-31,North,Store_3,41.36
2024-06-01,North,Store_3,40.91
2024-06-02,North,Store_3,37.22
2024-06-03,North,Store_3,40.32
2024-06-04,North,Store_3,49.53
2024-06-05,North,Store_3,48.83
2024-06-06,North,Store_3,40.84
2024-06-07,North,Store_3,46.86
2024-06-08,North,Store_3,36.2
2024-06-09,North,Store_3,48.81
2024-06-10,North,Store_3,43.13
2024-06-11,North,Store_3,50.11
2024-06-12,North,Store_3,54.82
2024-06-13,North,Store_3,51.61
2024-06-14,North,Store_3,48.79
2024-06-15,North,Store_3,35.56
2024-06-16,North,Store_3,37.68
2024-06-17,North,Store_3,45.68
2024-06-18,North,Store_3,51.43
2024-06-19,North,Store_3,49.84
2024-06-20,North,Store_3,42.26
2024-06-21,North,Store_3,44.32
2024-06-22,North,Store_3,39.54
2024-06-23,North,Store_3,40.47
2024-06-24,North,Store_3,38.17
2024-06-25,North,Store_3,51.3
2024-06-26,North,Store_3,50.31
2024-06-27,North,Store_3,52.55
2024-06-28,North,Store_3,42.61
2024-01-01,South,Store_1,49.3
2024-01-02,South,Store_1,55.16
2024-01-03,South,Store_1,48.87
2024-01-04,South,Store_1,52.8
2024-01-05,South,Store_1,44.84
2024-01-06,South,Store_1,45.84
2024-01-07,South,Store_1,42.8
2024-01-08,South,Store_1,43.59
2024-01-09,South,Store_1,48.03
2024-01-10,South,Store_1,54.02
2024-01-11,South,Store_1,51.95
2024-01-12,South,Store_1,44.12
2024-01-13,South,Store_1,46.04
2024-01-14,South,Store_1,40.11
2024-01-15,South,Store_1,48.8
2024-01-16,South,Store_1,49.28
2024-01-17,South,Store_1,51.92
2024-01-18,South,Store_1,51.31
2024-01-19,South,Store_1,44.25
2024-01-20,South,Store_1,42.97
2024-01-21,South,Store_1,48.11
2024-01-22,South,Store_1,47.27
2024-01-23,South,Store_1,55.42
2024-01-24,South,Store_1,50.49
2024-01-25,South,Store_1,52.76
2024-01-26,South,Store_1,51.16
2024-01-27,South,Store_1,36.71
2024-01-28,South,Store_1,42.7
2024-01-29,South,Store_1,50.73
2024-01-30,South,Store_1,52.3
2024-01-31,South,Store_1,54.99
2024-02-01,South,Store_1,49.36
2024-02-02,South,Store_1,47.09
2024-02-03,South,Store_1,43.66
2024-02-04,South,Store_1,48.59
2024-02-05,South,Store_1,49.76
2024-02-06,South,Store_1,53.92
2024-02-07,South,Store_1,52.64
2024-02-08,South,Store_1,49.71
2024-02-09,South,Store_1,45.53
2024-02-10,South,Store_1,45.31
2024-02-11,South,Store_1,43.83
2024-02-12,South,Store_1,49.87
2024-02-13,South,Store_1,59.14
2024-02-14,South,Store_1,56.49
2024-02-15,South,Store_1,50.19
2024-02-16,South,Store_1,50.43
2024-02-17,South,Store_1,42.9
2024-02-18,South,Store_1,38.98
2024-02-19,South,Store_1,45.98
2024-02-20,South,Store_1,47.3
2024-02-21,South,Store_1,52.82
2024-02-22,South,Store_1,51.22
2024-02-23,South,Store_1,51.86
2024-02-24,South,Store_1,45.11
2024-02-25,South,Store_1,44.43
2024-02-26,South,Store_1,51.49
2024-02-27,South,Store_1,46.28
2024-02-28,South,Store_1,54.58
2024-02-29,South,Store_1,53.48
2024-03-01,South,Store_1,42.39
2024-03-02,South,Store_1,47.56
2024-03-03,South,Store_1,46.11
2024-03-04,South,Store_1,47.75
2024-03-05,South,Store_1,54.81
2024-03-06,South,Store_1,60.69
2024-03-07,South,Store_1,51.72
2024-03-08,South,Store_1,47.58
2024-03-09,South,Store_1,42.75
2024-03-10,South,Store_1,42.54
2024-03-11,South,Store_1,51.49
2024-03-12,South,Store_1,50.34
2024-03-13,South,Store_1,54.09
2024-03-14,South,Store_1,49.74
2024-03-15,South,Store_1,48.27
2024-03-16,South,Store_1,45.13
2024-03-17,South,Store_1,48.2
2024-03-18,South,Store_1,47.47
2024-03-19,South,Store_1,52.1
2024-03-20,South,Store_1,50.94
2024-03-21,South,Store_1,49.84
2024-03-22,South,Store_1,47.96
2024-03-23,South,Store_1,46.4
2024-03-24,South,Store_1,42.32
2024-03-25,South,Store_1,51.61
2024-03-26,South,Store_1,56.98
2024-03-27,South,Store_1,55.11
2024-03-28,South,Store_1,56.8
2024-03-29,South,Store_1,44.51
2024-03-30,South,Store_1,40.39
2024-03-31,South,Store_1,39.75
2024-04-01,South,Store_1,53.49
2024-04-02,South,Store_1,54.87
2024-04-03,South,Store_1,53.71
2024-04-04,South,Store_1,52.01
2024-04-05,South,Store_1,43.45
2024-04-06,South,Store_1,51.46
2024-04-07,South,Store_1,45.48
2024-04-08,South,Store_1,49.33
2024-04-09,South,Store_1,55.09
2024-04-10,South,Store_1,55.32
2024-04-11,South,Store_1,51.84
2024-04-12,South,Store_1,44.46
2024-04-13,South,Store_1,45.54
2024-04-14,South,Store_1,50.74
2024-04-15,South,Store_1,53.04
2024-04-16,South,Store_1,57.69
2024-04-17,South,Store_1,52.34
2024-04-18,South,Store_1,48.2
2024-04-19,South,Store_1,46.45
2024-04-20,South,Store_1,44.29
2024-04-21,South,Store_1,48.37
2024-04-22,South,Store_1,43.92
2024-04-23,South,Store_1,57.5
2024-04-24,South,Store_1,53.4
2024-04-25,South,Store_1,49.89
2024-04-26,South,Store_1,43.79
2024-04-27,South,Store_1,39.16
2024-04-28,South,Store_1,47.56
2024-04-29,South,Store_1,49.22
2024-04-30,South,Store_1,49.04
2024-05-01,South,Store_1,49.99
2024-05-02,South,Store_1,50.16
2024-05-03,South,Store_1,51.84
2024-05-04,South,Store_1,43.35
2024-05-05,South,Store_1,40.58
2024-05-06,South,Store_1,48.26
2024-05-07,South,Store_1,52.09
2024-05-08,South,Store_1,45.78
2024-05-09,South,Store_1,51.01
2024-05-10,South,Store_1,46.14
2024-05-11,South,Store_1,46.21
2024-05-12,South,Store_1,50.64
2024-05-13,South,Store_1,52.38
2024-05-14,South,Store_1,52.1
2024-05-15,South,Store_1,50.56
2024-05-16,South,Store_1,58.89
2024-05-17,South,Store_1,47.01
2024-05-18,South,Store_1,44.17
2024-05-19,South,Store_1,45.02
2024-05-20,South,Store_1,49.59
2024-05-21,South,Store_1,52.48
2024-05-22,South,Store_1,52.15
2024-05-23,South,Store_1,49.53
2024-05-24,South,Store_1,46.73
2024-05-25,South,Store_1,42.5
2024-05-26,South,Store_1,42.95
2024-05-27,South,Store_1,49.32
2024-05-28,South,Store_1,52.14
2024-05-29,South,Store_1,58.39
2024-05-30,South,Store_1,43.22
2024-05-31,South,Store_1,50.11
2024-06-01,South,Store_1,47.86
2024-06-02,South,Store_1,38.87
2024-06-03,South,Store_1,47.97
2024-06-04,South,Store_1,51.79
2024-06-05,South,Store_1,49.65
2024-06-06,South,Store_1,48.84
2024-06-07,South,Store_1,43.5
2024-06-08,South,Store_1,49.38
2024-06-09,South,Store_1,47.9
2024-06-10,South,Store_1,52.81
2024-06-11,South,Store_1,55.07
2024-06-12,South,Store_1,50.49
2024-06-13,South,Store_1,49.6
2024-06-14,South,Store_1,48.3
2024-06-15,South,Store_1,40.46
2024-06-16,South,Store_1,47.23
2024-06-17,South,Store_1,48.28
2024-06-18,South,Store_1,51.78
2024-06-19,South,Store_1,56.01
2024-06-20,South,Store_1,52.5
2024-06-21,South,Store_1,45.75
2024-06-22,South,Store_1,47.6
2024-06-23,South,Store_1,41.85
2024-06-24,South,Store_1,50.85
2024-06-25,South,Store_1,54.69
2024-06-26,South,Store_1,52.95
2024-06-27,South,Store_1,52.15
2024-06-28,South,Store_1,43.08
2024-01-01,South,Store_2,48.58
2024-01-02,South,Store_2,51.69
2024-01-03,South,Store_2,47.38
2024-01-04,South,Store_2,52.59
2024-01-05,South,Store_2,43.46
2024-01-06,South,Store_2,45.39
2024-01-07,South,Store_2,46.65
2024-01-08,South,Store_2,44.99
2024-01-09,South,Store_2,53.76
2024-01-10,South,Store_2,50.79
2024-01-11,South,Store_2,48.1
2024-01-12,South,Store_2,45.6
2024-01-13,South,Store_2,42.98
2024-01-14,South,Store_2,43.21
2024-01-15,South,Store_2,43.0
2024-01-16,South,Store_2,50.54
2024-01-17,South,Store_2,58.71
2024-01-18,South,Store_2,40.82
2024-01-19,South,Store_2,47.44
2024-01-20,South,Store_2,45.3
2024-01-21,South,Store_2,39.02
2024-01-22,South,Store_2,45.59
2024-01-23,South,Store_2,47.91
2024-01-24,South,Store_2,57.44
2024-01-25,South,Store_2,52.48
2024-01-26,South,Store_2,48.28
2024-01-27,South,Store_2,42.49
2024-01-28,South,Store_2,47.03
2024-01-29,South,Store_2,46.98
2024-01-30,South,Store_2,54.99
2024-01-31,South,Store_2,51.43
2024-02-01,South,Store_2,47.13
2024-02-02,South,Store_2,50.26
2024-02-03,South,Store_2,42.06
2024-02-04,South,Store_2,40.39
2024-02-05,South,Store_2,44.27
2024-02-06,South,Store_2,48.19
2024-02-07,South,Store_2,54.41
2024-02-08,South,Store_2,48.87
2024-02-09,South,Store_2,51.72
2024-02-10,South,Store_2,45.68
2024-02-11,South,Store_2,43.86
2024-02-12,South,Store_2,51.21
2024-02-13,South,Store_2,49.42
2024-02-14,South,Store_2,46.31
2024-02-15,South,Store_2,46.2
2024-02-16,South,Store_2,45.27
2024-02-17,South,Store_2,41.46
2024-02-18,South,Store_2,45.56
2024-02-19,South,Store_2,46.63
2024-02-20,South,Store_2,53.15
2024-02-21,South,Store_2,56.38
2024-02-22,South,Store_2,48.79
2024-02-23,South,Store_2,46.5
2024-02-24,South,Store_2,36.86
2024-02-25,South,Store_2,42.72
2024-02-26,South,Store_2,43.3
2024-02-27,South,Store_2,51.34
2024-02-28,South,Store_2,52.58
2024-02-29,South,Store_2,49.87
2024-03-01,South,Store_2,43.39
2024-03-02,South,Store_2,49.02
2024-03-03,South,Store_2,39.29
2024-03-04,South,Store_2,43.01
2024-03-05,South,Store_2,55.87
2024-03-06,South,Store_2,49.76
2024-03-07,South,Store_2,46.34
2024-03-08,South,Store_2,51.74
2024-03-09,South,Store_2,45.08
2024-03-10,South,Store_2,41.31
2024-03-11,South,Store_2,47.65
2024-03-12,South,Store_2,56.75
2024-03-13,South,Store_2,53.95
2024-03-14,South,Store_2,53.03
2024-03-15,South,Store_2,47.24
2024-03-16,South,Store_2,44.92
2024-03-17,South,Store_2,43.21
2024-03-18,South,Store_2,47.03
2024-03-19,South,Store_2,51.71
2024-03-20,South,Store_2,54.08
2024-03-21,South,Store_2,48.32
2024-03-22,South,Store_2,45.2
2024-03-23,South,Store_2,41.19
2024-03-24,South,Store_2,43.44
2024-03-25,South,Store_2,43.25
2024-03-26,South,Store_2,58.73
2024-03-27,South,Store_2,49.68
2024-03-28,South,Store_2,48.09
2024-03-29,South,Store_2,42.37
2024-03-30,South,Store_2,43.97
2024-03-31,South,Store_2,42.5
2024-04-01,South,Store_2,44.11
2024-04-02,South,Store_2,52.88
2024-04-03,South,Store_2,54.25
2024-04-04,South,Store_2,48.97
2024-04-05,South,Store_2,42.84
2024-04-06,South,Store_2,48.7
2024-04-07,South,Store_2,44.11
2024-04-08,South,Store_2,43.18
2024-04-09,South,Store_2,55.15
2024-04-10,South,Store_2,49.31
2024-04-11,South,Store_2,57.4
2024-04-12,South,Store_2,45.07
2024-04-13,South,Store_2,45.17
2024-04-14,South,Store_2,36.85
2024-04-15,South,Store_2,43.15
2024-04-16,South,Store_2,54.91
2024-04-17,South,Store_2,52.83
2024-04-18,South,Store_2,55.3
2024-04-19,South,Store_2,46.29
2024-04-20,South,Store_2,42.56
2024-04-21,South,Store_2,48.23
2024-04-22,South,Store_2,50.03
2024-04-23,South,Store_2,50.32
2024-04-24,South,Store_2,48.59
2024-04-25,South,Store_2,42.05
2024-04-26,South,Store_2,43.52
2024-04-27,South,Store_2,38.57
2024-04-28,South,Store_2,50.88
2024-04-29,South,Store_2,45.05
2024-04-30,South,Store_2,48.88
2024-05-01,South,Store_2,47.31
2024-05-02,South,Store_2,48.37
2024-05-03,South,Store_2,42.84
2024-05-04,South,Store_2,47.34
2024-05-05,South,Store_2,43.6
2024-05-06,South,Store_2,46.97
2024-05-07,South,Store_2,50.51
2024-05-08,South,Store_2,54.23
2024-05-09,South,Store_2,47.81
2024-05-10,South,Store_2,46.83
2024-05-11,South,Store_2,46.97
2024-05-12,South,Store_2,44.47
2024-05-13,South,Store_2,46.25
2024-05-14,South,Store_2,48.05
2024-05-15,South,Store_2,51.05
2024-05-16,South,Store_2,50.86
2024-05-17,South,Store_2,40.23
2024-05-18,South,Store_2,44.62
2024-05-19,South,Store_2,43.71
2024-05-20,South,Store_2,46.55
2024-05-21,South,Store_2,48.93
2024-05-22,South,Store_2,50.45
2024-05-23,South,Store_2,50.96
2024-05-24,South,Store_2,44.45
2024-05-25,South,Store_2,40.62
2024-05-26,South,Store_2,44.5
2024-05-27,South,Store_2,48.52
2024-05-28,South,Store_2,47.16
2024-05-29,South,Store_2,53.59
2024-05-30,South,Store_2,56.67
2024-05-31,South,Store_2,46.24
2024-06-01,South,Store_2,37.03
2024-06-02,South,Store_2,43.62
2024-06-03,South,Store_2,41.51
2024-06-04,South,Store_2,60.41
2024-06-05,South,Store_2,58.58
2024-06-06,South,Store_2,47.17
2024-06-07,South,Store_2,38.09
2024-06-08,South,Store_2,39.49
2024-06-09,South,Store_2,42.55
2024-06-10,South,Store_2,41.71
2024-06-11,South,Store_2,50.7
2024-06-12,South,Store_2,51.31
2024-06-13,South,Store_2,49.54
2024-06-14,South,Store_2,45.52
2024-06-15,South,Store_2,39.23
2024-06-16,South,Store_2,40.53
2024-06-17,South,Store_2,47.14
2024-06-18,South,Store_2,49.02
2024-06-19,South,Store_2,54.6
2024-06-20,South,Store_2,49.28
2024-06-21,South,Store_2,50.43
2024-06-22,South,Store_2,44.59
2024-06-23,South,Store_2,46.4
2024-06-24,South,Store_2,47.4
2024-06-25,South,Store_2,51.38
2024-06-26,South,Store_2,57.07
2024-06-27,South,Store_2,48.03
2024-06-28,South,Store_2,46.47
2024-01-01,South,Store_3,47.22
2024-01-02,South,Store_3,52.05
2024-01-03,South,Store_3,52.38
2024-01-04,South,Store_3,50.74
2024-01-05,South,Store_3,46.86
2024-01-06,South,Store_3,45.72
2024-01-07,South,Store_3,40.14
2024-01-08,South,Store_3,47.44
2024-01-09,South,Store_3,48.8
2024-01-10,South,Store_3,48.37
2024-01-11,South,Store_3,46.1
2024-01-12,South,Store_3,45.32
2024-01-13,South,Store_3,42.38
2024-01-14,South,Store_3,43.29
2024-01-15,South,Store_3,45.32
2024-01-16,South,Store_3,49.92
2024-01-17,South,Store_3,53.33
2024-01-18,South,Store_3,43.7
2024-01-19,South,Store_3,43.9
2024-01-20,South,Store_3,41.4
2024-01-21,South,Store_3,44.35
2024-01-22,South,Store_3,41.95
2024-01-23,South,Store_3,54.39
2024-01-24,South,Store_3,51.52
2024-01-25,South,Store_3,48.97
2024-01-26,South,Store_3,42.63
2024-01-27,South,Store_3,42.74
2024-01-28,South,Store_3,42.23
2024-01-29,South,Store_3,49.63
2024-01-30,South,Store_3,45.58
2024-01-31,South,Store_3,51.4
2024-02-01,South,Store_3,49.39
2024-02-02,South,Store_3,43.27
2024-02-03,South,Store_3,39.91
2024-02-04,South,Store_3,41.0
2024-02-05,South,Store_3,46.52
2024-02-06,South,Store_3,44.48
2024-02-07,South,Store_3,53.77
2024-02-08,South,Store_3,46.73
2024-02-09,South,Store_3,44.21
2024-02-10,South,Store_3,42.23
2024-02-11,South,Store_3,40.51
2024-02-12,South,Store_3,45.61
2024-02-13,South,Store_3,43.8
2024-02-14,South,Store_3,53.07
2024-02-15,South,Store_3,51.41
2024-02-16,South,Store_3,38.73
2024-02-17,South,Store_3,39.91
2024-02-18,South,Store_3,38.4
2024-02-19,South,Store_3,45.47
2024-02-20,South,Store_3,51.86
2024-02-21,South,Store_3,53.84
2024-02-22,South,Store_3,51.53
2024-02-23,South,Store_3,47.76
2024-02-24,South,Store_3,40.46
2024-02-25,South,Store_3,38.65
2024-02-26,South,Store_3,45.66
2024-02-27,South,Store_3,51.81
2024-02-28,South,Store_3,47.19
2024-02-29,South,Store_3,53.15
2024-03-01,South,Store_3,46.52
2024-03-02,South,Store_3,40.51
2024-03-03,South,Store_3,39.96
2024-03-04,South,Store_3,43.99
2024-03-05,South,Store_3,50.13
2024-03-06,South,Store_3,50.19
2024-03-07,South,Store_3,51.02
2024-03-08,South,Store_3,42.8
2024-03-09,South,Store_3,42.64
2024-03-10,South,Store_3,42.0
2024-03-11,South,Store_3,46.81
2024-03-12,South,Store_3,49.22
2024-03-13,South,Store_3,53.0
2024-03-14,South,Store_3,50.34
2024-03-15,South,Store_3,45.21
2024-03-16,South,Store_3,42.95
2024-03-17,South,Store_3,39.26
2024-03-18,South,Store_3,46.97
2024-03-19,South,Store_3,53.66
2024-03-20,South,Store_3,52.35
2024-03-21,South,Store_3,45.08
2024-03-22,South,Store_3,43.68
2024-03-23,South,Store_3,42.25
2024-03-24,South,Store_3,39.82
2024-03-25,South,Store_3,41.93
2024-03-26,South,Store_3,48.96
2024-03-27,South,Store_3,48.65
2024-03-28,South,Store_3,48.13
2024-03-29,South,Store_3,39.06
2024-03-30,South,Store_3,42.82
2024-03-31,South,Store_3,40.19
2024-04-01,South,Store_3,48.99
2024-04-02,South,Store_3,49.08
2024-04-03,South,Store_3,50.8
2024-04-04,South,Store_3,47.65
2024-04-05,South,Store_3,41.77
2024-04-06,South,Store_3,48.54
2024-04-07,South,Store_3,40.6
2024-04-08,South,Store_3,49.07
2024-04-09,South,Store_3,46.63
2024-04-10,South,Store_3,51.99
2024-04-11,South,Store_3,49.61
2024-04-12,South,Store_3,43.76
2024-04-13,South,Store_3,39.41
2024-04-14,South,Store_3,41.3
2024-04-15,South,Store_3,44.79
2024-04-16,South,Store_3,57.12
2024-04-17,South,Store_3,50.81
2024-04-18,South,Store_3,49.74
2024-04-19,South,Store_3,49.18
2024-04-20,South,Store_3,38.5
2024-04-21,South,Store_3,42.2
2024-04-22,South,Store_3,45.19
2024-04-23,South,Store_3,49.65
2024-04-24,South,Store_3,50.34
2024-04-25,South,Store_3,45.97
2024-04-26,South,Store_3,44.42
2024-04-27,South,Store_3,37.94
2024-04-28,South,Store_3,45.06
2024-04-29,South,Store_3,47.87
2024-04-30,South,Store_3,48.43
2024-05-01,South,Store_3,49.54
2024-05-02,South,Store_3,49.0
2024-05-03,South,Store_3,41.43
2024-05-04,South,Store_3,46.56
2024-05-05,South,Store_3,43.16
2024-05-06,South,Store_3,47.18
2024-05-07,South,Store_3,51.95
2024-05-08,South,Store_3,49.14
2024-05-09,South,Store_3,51.44
2024-05-10,South,Store_3,44.17
2024-05-11,South,Store_3,43.98
2024-05-12,South,Store_3,41.5
2024-05-13,South,Store_3,49.95
2024-05-14,South,Store_3,51.11
2024-05-15,South,Store_3,57.42
2024-05-16,South,Store_3,47.06
2024-05-17,South,Store_3,44.44
2024-05-18,South,Store_3,38.03
2024-05-19,South,Store_3,40.5
2024-05-20,South,Store_3,47.86
2024-05-21,South,Store_3,53.3
2024-05-22,South,Store_3,59.77
2024-05-23,South,Store_3,47.88
2024-05-24,South,Store_3,41.03
2024-05-25,South,Store_3,43.39
2024-05-26,South,Store_3,38.71
2024-05-27,South,Store_3,47.69
2024-05-28,South,Store_3,48.4
2024-05-29,South,Store_3,51.51
2024-05-30,South,Store_3,51.44
2024-05-31,South,Store_3,43.5
2024-06-01,South,Store_3,43.92
2024-06-02,South,Store_3,44.71
2024-06-03,South,Store_3,40.41
2024-06-04,South,Store_3,47.2
2024-06-05,South,Store_3,46.19
2024-06-06,South,Store_3,54.17
2024-06-07,South,Store_3,43.51
2024-06-08,South,Store_3,46.47
2024-06-09,South,Store_3,37.19
2024-06-10,South,Store_3,44.28
2024-06-11,South,Store_3,52.31
2024-06-12,South,Store_3,51.41
2024-06-13,South,Store_3,49.77
2024-06-14,South,Store_3,40.07
2024-06-15,South,Store_3,45.26
2024-06-16,South,Store_3,44.42
2024-06-17,South,Store_3,47.2
2024-06-18,South,Store_3,47.85
2024-06-19,South,Store_3,51.85
2024-06-20,South,Store_3,47.29
2024-06-21,South,Store_3,38.88
2024-06-22,South,Store_3,40.97
2024-06-23,South,Store_3,41.62
2024-06-24,South,Store_3,49.19
2024-06-25,South,Store_3,43.21
2024-06-26,South,Store_3,51.58
2024-06-27,South,Store_3,44.7
2024-06-28,South,Store_3,44.79
